<?xml version="1.0" encoding="UTF-8"?>
<!DOCTYPE suite SYSTEM "https://testng.org/testng-1.0.dtd">
<suite name="Suite">
  <test thread-count="5" name="LoginTest">
  <classes>
  	<class name = "Test.APITest">
  		<methods>
  			<exclude name= "apiTest"></exclude>
  		</methods>
  
  	</class>
  <class name="Test.MobileLogin">
  	<methods>
  		<exclude name ="mobileLoginVerification"></exclude>
  	</methods>  
  </class>
  
  <class name="Test.WebLogin">
  <methods>
   <include name ="webLogin"/>
  </methods>
  
  </class>
  </classes>
  
  </test> 
</suite> 
